Country,Continent,Density_pkm2,Abbreviation,Agricultural_Land,Land_Area_km2,Birth_Rate,Capital/Major City,CO2_Emissions,CPI,CPI_Change,Fertility_Rate,Forested_Area,Gasoline_Price,GDP,Gross_Primary_Education_Enrollment,Gross_Tertiary_Education_Enrollment,Infant_Mortality,Life_Expectancy,Maternal_Mortality_Ratio,Minimum_Wage,Official_Language,Population,Labor_Force _Participation,Tax_Revenue ,Total_Tax_Rate,Unemployment_Rate,Latitude,Longitude,Primary_edu_enrollment,Tertiary_edu_enrollment,Unemployment rate
Afghanistan,South Asia,60,AF,58.1,"652,230",32.5,Kabul,"8,672",149.9,2.3,4.5,2.1,0.7,"19,101,353,833",104,9.7,47.9,64.5,638,0.43,Pashto,"38,041,754",48.9,9.3,71.4,11.1,33.93911,67.70995,1.04,0.1,0.11
Albania,Europe,105,AL,43.1,"28,748",11.8,Tirana,"4,536",119.05,1.4,1.6,28.1,1.36,"15,278,077,447",107,55,7.8,78.5,15,1.12,Albanian,"2,854,191",55.7,18.6,36.6,12.3,41.15333,20.16833,1.07,0.55,0.12
Algeria,Africa,18,DZ,17.4,"2,381,741",24.3,Algiers,"150,006",151.36,2,3,0.8,0.28,"169,988,236,398",109.9,51.4,20.1,76.7,112,0.95,Arabic,"43,053,054",41.2,37.2,66.1,11.7,28.03389,1.659626,1.1,0.51,0.12
Andorra,Europe,164,AD,40,468,7.2,Andorra la Vella,469,,,1.3,34,1.51,"3,154,057,987",106.4,,2.7,,,6.63,Catalan,"77,142",,,,,42.50629,1.521801,1.06,null,null
Angola,Africa,26,AO,47.5,"1,246,700",40.7,Luanda,"34,693",261.73,17.1,5.5,46.3,0.97,"94,635,415,870",113.5,9.3,51.6,60.8,241,0.71,Portuguese,"31,825,295",77.5,9.2,49.1,6.9,-11.2027,17.87389,1.14,0.09,0.07
Antigua and Barbuda,Central America and the Caribbean,223,AG,20.5,443,15.3,"St. John's, Saint John",557,113.81,1.2,2,22.3,0.99,"1,727,759,259",105,24.8,5,76.9,42,3.04,English,"97,118",,16.5,43,,17.06082,-61.7964,1.05,0.25,null
Argentina,South America,17,AR,54.3,"2,780,400",17,Buenos Aires,"201,348",232.75,53.5,2.3,9.8,1.1,"449,663,446,954",109.7,90,8.8,76.5,39,3.35,Spanish,"44,938,712",61.3,10.1,106.3,9.8,-38.4161,-63.6167,1.1,0.9,0.1
Armenia,Central Asia,104,AM,58.9,"29,743",14,Yerevan,"5,156",129.18,1.4,1.8,11.7,0.77,"13,672,802,158",92.7,54.6,11,74.9,26,0.66,Armenian,"2,957,731",55.6,20.9,22.6,17,40.0691,45.03819,0.93,0.55,0.17
Australia,Oceania,3,AU,48.2,"7,741,220",12.6,Canberra,"375,908",119.8,1.6,1.7,16.3,0.93,"1,392,680,589,329",100.3,113.1,3.1,82.7,6,13.59,None,"25,766,605",65.5,23,47.4,5.3,-25.2744,133.7751,1,1.13,0.05
Austria,Europe,109,AT,32.4,"83,871",9.7,Vienna,"61,448",118.06,1.5,1.5,46.9,1.2,"446,314,739,528",103.1,85.1,2.9,81.6,5,,German,"8,877,067",60.7,25.4,51.4,4.7,47.51623,14.55007,1.03,0.85,0.05
Azerbaijan,Central Asia,123,AZ,57.7,"86,600",14,Baku,"37,620",156.32,2.6,1.7,14.1,0.56,"39,207,000,000",99.7,27.7,19.2,72.9,26,0.47,Azerbaijani language,"10,023,318",66.5,13,40.7,5.5,40.14311,47.57693,1,0.28,0.06
The Bahamas,Central America and the Caribbean,39,BS,1.4,"13,880",14,"Nassau, Bahamas","1,786",116.22,2.5,1.8,51.4,0.92,"12,827,000,000",81.4,15.1,8.3,73.8,70,5.25,English,"389,482",74.6,14.8,33.8,10.4,25.03428,-77.3963,0.81,0.15,0.1
Bahrain,Middle East,"2,239",BH,11.1,765,14,Manama,"31,694",117.59,2.1,2,0.8,0.43,"38,574,069,149",99.4,50.5,6.1,77.2,14,,Arabic,"1,501,635",73.4,4.2,13.8,0.7,26.0667,50.5577,0.99,0.51,0.01
Bangladesh,South Asia,"1,265",BD,70.6,"148,460",18.2,Dhaka,"84,246",179.68,5.6,2,11,1.12,"302,571,254,131",116.5,20.6,25.1,72.3,173,0.51,Bengali,"167,310,838",59,8.8,33.4,4.2,23.68499,90.35633,1.17,0.21,0.04
Barbados,Central America and the Caribbean,668,BB,23.3,430,10.7,Bridgetown,"1,276",134.09,4.1,1.6,14.7,1.81,"5,209,000,000",99.4,65.4,11.3,79.1,27,3.13,English,"287,025",65.2,27.5,35.6,10.3,13.19389,-59.5432,0.99,0.65,0.1
Belarus,Europe,47,BY,42,"207,600",9.9,Minsk,"58,280",,5.6,1.5,42.6,0.6,"63,080,457,023",100.5,87.4,2.6,74.2,2,1.49,Russian,"9,466,856",64.1,14.7,53.3,4.6,53.70981,27.95339,1.01,0.87,0.05
Belgium,Europe,383,BE,44.6,"30,528",10.3,City of Brussels,"96,889",117.11,1.4,1.6,22.6,1.43,"529,606,710,418",103.9,79.7,2.9,81.6,5,10.31,French,"11,484,055",53.6,24,55.4,5.6,50.50389,4.469936,1.04,0.8,0.06
Belize,Central America and the Caribbean,17,BZ,7,"22,966",20.8,Belmopan,568,105.68,-0.9,2.3,59.7,1.13,"1,879,613,600",111.7,24.7,11.2,74.5,36,1.65,English,"390,353",65.1,26.3,31.1,6.4,17.18988,-88.4977,1.12,0.25,0.06
Benin,Africa,108,BJ,33.3,"112,622",36.2,Porto-Novo,"6,476",110.71,-0.9,4.8,37.8,0.72,"14,390,709,095",122,12.3,60.5,61.5,397,0.39,French,"11,801,151",70.9,10.8,48.9,2.2,9.30769,2.315834,1.22,0.12,0.02
Bhutan,South Asia,20,BT,13.6,"38,394",17.3,Thimphu,"1,261",167.18,2.7,2,72.5,0.98,"2,446,674,101",100.1,15.6,24.8,71.5,183,0.32,Dzongkha,"727,145",66.7,16,35.3,2.3,27.51416,90.4336,1,0.16,0.02
Bolivia,South America,11,BO,34.8,"1,098,581",21.8,Sucre,"21,606",148.32,1.8,2.7,50.3,0.71,"40,895,322,865",98.2,,21.8,71.2,155,1.36,Spanish,"11,513,100",71.8,17,83.7,3.5,-16.2902,-63.5887,0.98,null,0.04
Bosnia and Herzegovina,Europe,64,BA,43.1,"51,197",8.1,Sarajevo,"21,848",104.9,0.6,1.3,42.7,1.05,"20,047,848,435",,23.3,5,77.3,10,1.04,Bosnian,"3,301,000",46.4,20.4,23.7,18.4,43.91589,17.67908,null,0.23,0.18
Botswana,Africa,4,BW,45.6,"581,730",24.8,Gaborone,"6,340",149.75,2.8,2.9,18.9,0.71,"18,340,510,789",103.2,24.9,30,69.3,144,0.29,English,"2,346,179",70.8,19.5,25.1,18.2,-22.3285,24.68487,1.03,0.25,0.18
Brazil,South America,25,BR,33.9,"8,515,770",13.9,Brasilia,"462,299",167.4,3.7,1.7,58.9,1.02,"1,839,758,040,766",115.4,51.3,12.8,75.7,60,1.53,Portuguese,"212,559,417",63.9,14.2,65.1,12.1,-14.235,-51.9253,1.15,0.51,0.12
Brunei,Southeast Asia,83,BN,2.7,"5,765",14.9,Bandar Seri Begawan,"7,664",99.03,-0.4,1.9,72.1,0.37,"13,469,422,941",103.2,31.4,9.8,75.7,31,,Malay,"433,285",64.7,,8,9.1,4.535277,114.7277,1.03,0.31,0.09
Bulgaria,Europe,64,BG,46.3,"110,879",8.9,Sofia,"41,708",114.42,3.1,1.6,35.4,1.11,"86,000,000,000",89.3,71,5.9,74.9,10,1.57,Bulgarian,"6,975,761",55.4,20.2,28.3,4.3,42.73388,25.48583,0.89,0.71,0.04
Burkina Faso,Africa,76,BF,44.2,"274,200",37.9,Ouagadougou,"3,418",106.58,-3.2,5.2,19.3,0.98,"15,745,810,235",96.1,6.5,49,61.2,320,0.34,French,"20,321,378",66.4,15,41.3,6.3,12.23833,-1.56159,0.96,0.07,0.06
Burundi,Africa,463,BI,79.2,"27,830",39,Bujumbura,495,182.11,-0.7,5.4,10.9,1.21,"3,012,334,882",121.4,6.1,41,61.2,548,,Kirundi,"11,530,580",79.2,13.6,41.2,1.4,-3.37306,29.91889,1.21,0.06,0.01
CÃ´te d'Ivoire,Africa,83,CI,64.8,"322,463",35.7,Yamoussoukro,"9,674",111.61,-0.9,4.7,32.7,0.93,"58,792,205,642",99.8,9.3,59.4,57.4,617,0.36,French,"25,716,544",57,11.8,50.1,3.3,7.539989,-5.54708,1,0.09,0.03
Cape Verde,Africa,138,CV,19.6,"4,033",19.5,Praia,543,110.5,1.1,2.3,22.5,1.02,"1,981,845,741",104,23.6,16.7,72.8,58,0.68,Portuguese,"483,628",60.5,20.1,37.5,12.3,16.5388,-23.0418,1.04,0.24,0.12
Cambodia,Southeast Asia,95,KH,30.9,"181,035",22.5,Phnom Penh,"9,919",127.63,2.5,2.5,52.9,0.9,"27,089,389,787",107.4,13.7,24,69.6,160,,Khmer language,"16,486,542",82.3,17.1,23.1,0.7,12.56568,104.991,1.07,0.14,0.01
Cameroon,Africa,56,CM,20.6,"475,440",35.4,Yaounde,"8,291",118.65,2.5,4.6,39.3,1.03,"38,760,467,033",103.4,12.8,50.6,58.9,529,0.35,French,"25,876,380",76.1,12.8,57.7,3.4,7.369722,12.35472,1.03,0.13,0.03
Canada,North America,4,CA,6.9,"9,984,670",10.1,Ottawa,"544,894",116.76,1.9,1.5,38.2,0.81,"1,736,425,629,520",100.9,68.9,4.3,81.9,10,9.51,French,"36,991,981",65.1,12.8,24.5,5.6,56.13037,-106.347,1.01,0.69,0.06
Central African Rep.,Africa,8,CF,8.2,"622,984",35.4,Bangui,297,186.86,37.1,4.7,35.6,1.41,"2,220,307,369",102,3,84.5,52.8,829,0.37,French,"4,745,185",72,8.6,73.3,3.7,6.611111,20.93944,1.02,0.03,0.04
Chad,Africa,13,TD,39.7,"1,284,000",42.2,N'Djamena,"1,016",117.7,-1,5.8,3.8,0.78,"11,314,951,343",86.8,3.3,71.4,54,1140,0.6,French,"15,946,876",70.7,,63.5,1.9,15.45417,18.73221,0.87,0.03,0.02
Chile,South America,26,CL,21.2,"756,096",12.4,Santiago,"85,822",131.91,2.6,1.7,24.3,1.03,"282,318,159,745",101.4,88.5,6.2,80,13,2,Spanish,"18,952,038",62.6,18.2,34,7.1,-35.6751,-71.543,1.01,0.89,0.07
China,East Asia,153,CN,56.2,"9,596,960",10.9,Beijing,"9,893,038",125.08,2.9,1.7,22.4,0.96,"19,910,000,000,000",100.2,50.6,7.4,77,29,0.87,Standard Chinese,"1,397,715,000",68,9.4,59.2,4.3,35.86166,104.1954,1,0.51,0.04
Colombia,South America,46,CO,40.3,"1,138,910",14.9,Bogota,"97,814",140.95,3.5,1.8,52.7,0.68,"323,802,808,108",114.5,55.3,12.2,77.1,83,1.23,Spanish,"50,339,443",68.8,14.4,71.2,9.7,4.570868,-74.2973,1.15,0.55,0.1
Comoros,Africa,467,KM,71.5,"2,235",31.9,"Moroni, Comoros",202,103.62,-4.3,4.2,19.7,,"1,185,728,677",99.5,9,51.3,64.1,273,0.71,French,"850,886",43.3,,219.6,4.3,-11.6455,43.3333,1,0.09,0.04
Dem. Rep. Congo,Africa,16,,31.1,"342,000",32.9,Brazzaville,"3,282",124.74,2.2,4.4,65.4,0.97,"10,820,591,131",106.6,12.7,36.2,64.3,378,0.88,French,"5,380,508",69.4,9,54.3,9.5,-0.22802,15.82766,1.07,0.13,0.09
Costa Rica,Central America and the Caribbean,100,CR,34.5,"51,100",14,San Jose,"8,023",128.85,2.1,1.8,54.6,0.98,"61,773,944,174",113.3,55.2,7.6,80.1,27,1.84,Spanish,"5,047,561",62.1,13.6,58.3,11.9,9.748917,-83.7534,1.13,0.55,0.12
Croatia,Europe,73,HR,27.6,"56,594",9,Zagreb,"17,488",109.82,0.8,1.5,34.4,1.26,"60,415,553,039",96.5,67.9,4,78.1,8,2.92,Croatian,"4,067,500",51.2,22,20.5,6.9,45.1,15.2,0.97,0.68,0.07
Cuba,Central America and the Caribbean,106,CU,59.9,"110,860",10.2,Havana,"28,284",,,1.6,31.3,1.4,"100,023,000,000",101.9,41.4,3.7,78.7,36,0.05,Spanish,"11,333,483",53.6,,,1.6,21.52176,-77.7812,1.02,0.41,0.02
Cyprus,Middle East,131,CY,12.2,"9,251",10.5,Nicosia,"6,626",102.51,0.3,1.3,18.7,1.23,"24,564,647,935",99.3,75.9,1.9,80.8,6,,Greek,"1,198,575",63.1,24.5,22.4,7.3,35.12641,33.42986,0.99,0.76,0.07
Czechia,Europe,139,CZ,45.2,"78,867",10.7,Prague,"102,218",116.48,2.8,1.7,34.6,1.17,"246,489,245,495",100.7,64.1,2.7,79,3,3,Czech,"10,669,709",60.6,14.9,46.1,1.9,49.81749,15.47296,1.01,0.64,0.02
Congo,Africa,40,CD,11.6,"2,344,858",41.2,Kinshasa,"2,021",133.85,2.9,5.9,67.2,1.49,"47,319,624,204",108,6.6,68.2,60.4,473,0.18,French,"86,790,567",63.5,10.7,50.7,4.2,-4.03833,21.75866,1.08,0.07,0.04
Denmark,Europe,137,DK,62,"43,094",10.6,Copenhagen,"31,786",110.35,0.8,1.7,14.7,1.55,"348,078,018,464",101.3,80.6,3.6,81,4,,Danish,"5,818,553",62.2,32.4,23.8,4.9,56.26392,9.501785,1.01,0.81,0.05
Djibouti,Africa,43,DJ,73.4,"23,200",21.5,Djibouti City,620,120.25,3.3,2.7,0.2,1.32,"3,318,716,359",75.3,5.3,49.8,66.6,248,,French,"973,560",60.2,,37.9,10.3,11.82514,42.59028,0.75,0.05,0.1
Dominica,Central America and the Caribbean,96,DM,33.3,751,12,Roseau,180,103.87,1,1.9,57.4,,"596,033,333",114.7,7.2,32.9,76.6,,1.48,English,"71,808",,22.1,32.6,,15.415,-61.371,1.15,0.07,null
Dominican Republic,Central America and the Caribbean,225,DO,48.7,"48,670",19.5,Santo Domingo,"25,258",135.5,1.8,2.4,41.7,1.07,"88,941,298,258",105.7,59.9,24.1,73.9,95,0.4,Spanish,"10,738,958",64.3,13,48.8,5.8,18.73569,-70.1627,1.06,0.6,0.06
Ecuador,South America,71,EC,22.2,"283,561",19.7,Quito,"41,155",124.14,0.3,2.4,50.2,0.61,"107,435,665,000",103.3,44.9,12.2,76.8,59,2.46,Spanish,"17,373,662",68,,34.4,4,-1.83124,-78.1834,1.03,0.45,0.04
Egypt,Africa,103,EG,3.8,"1,001,450",26.4,Cairo,"238,560",288.57,9.2,3.3,0.1,0.4,"303,175,127,598",106.3,35.2,18.1,71.8,37,,Modern Standard Arabic,"100,388,073",46.4,12.5,44.4,10.8,26.82055,30.8025,1.06,0.35,0.11
El Salvador,Central America and the Caribbean,313,SV,76.4,"21,041",18.3,San Salvador,"7,169",111.23,0.1,2,12.6,0.83,"27,022,640,000",94.8,29.4,11.8,73.1,46,0.5,Spanish,"6,453,553",59.1,18.1,36.4,4.1,13.79419,-88.8965,0.95,0.29,0.04
Equatorial Guinea,Africa,50,GQ,10.1,"28,051",33.2,Malabo,"5,655",124.35,1.2,4.5,55.5,,"11,026,774,945",61.8,1.9,62.6,58.4,301,1.05,Spanish,"1,355,986",62,6.1,79.4,6.4,1.650801,10.2679,0.62,0.02,0.06
Eritrea,Africa,35,ER,75.2,"117,600",30.3,Asmara,711,,,4.1,14.9,2,"2,065,001,626",68.4,3.4,31.3,65.9,480,,Tigrinya,"6,333,135",78.4,,83.7,5.1,15.17938,39.78233,0.68,0.03,0.05
Estonia,Europe,31,EE,23.1,"45,228",10.9,Tallinn,"16,590",122.14,2.3,1.6,51.3,1.14,"31,386,949,981",97.2,69.6,2.1,78.2,9,3.14,Estonian,"1,331,824",63.6,20.9,47.8,5.1,58.59527,25.01361,0.97,0.7,0.05
Eswatini,Africa,67,,,"17,364",,Mbabane,,,,,,,"3,791,304,348",,,,,,,English,"1,093,238",,28.6,,,-26.5225,31.46587,null,null,null
Ethiopia,Africa,115,ET,36.3,"1,104,300",32.3,Addis Ababa,"14,870",143.86,15.8,4.3,12.5,0.75,"96,107,662,398",101,8.1,39.1,66.2,401,,Amharic,"112,078,730",79.6,7.5,37.7,2.1,9.145,40.48967,1.01,0.08,0.02
Fiji,Oceania,49,FJ,23.3,"18,274",21.3,Suva,"2,046",132.3,1.8,2.8,55.9,0.82,"5,535,548,972",106.4,16.1,21.6,67.3,34,1.28,Fiji Hindi,"889,953",57.6,24.2,32.1,4.1,-17.7134,178.065,1.06,0.16,0.04
Finland,Europe,18,FI,7.5,"338,145",8.6,Helsinki,"45,871",112.33,1,1.4,73.1,1.45,"268,761,201,365",100.2,88.2,1.4,81.7,3,,Swedish,"5,520,314",59.1,20.8,36.6,6.6,61.92411,25.74815,1,0.88,0.07
France,Europe,119,FR,52.4,"643,801",11.3,Paris,"303,276",110.05,1.1,1.9,31.2,1.39,"2,715,518,274,227",102.5,65.6,3.4,82.5,8,11.16,French,"67,059,887",55.1,24.2,60.7,8.4,46.22764,2.213749,1.03,0.66,0.08
Gabon,Africa,9,GA,20,"267,667",31.6,Libreville,"5,321",122.19,2.1,4,90,0.92,"16,657,960,228",139.9,8.3,32.7,66.2,252,1.46,French,"2,172,579",52.9,10.2,47.1,20,-0.80369,11.60944,1.4,0.08,0.2
The Gambia,Africa,239,GM,59.8,"11,300",38.5,Banjul,532,172.73,7.1,5.2,48.4,1.18,"1,763,819,048",98,2.7,39,61.7,597,0.13,English,"2,347,706",59.4,9.4,48.4,9.1,13.44318,-15.3101,0.98,0.03,0.09
Georgia,Europe,57,GE,34.5,"69,700",13.5,Tbilisi,"10,128",133.61,4.9,2.1,40.6,0.76,"17,743,195,770",98.6,63.9,8.7,73.6,25,0.05,Georgian,"3,720,382",68.3,21.7,9.9,14.4,42.31541,43.35689,0.99,0.64,0.14
Germany,Europe,240,DE,47.7,"357,022",9.5,Berlin,"727,973",112.85,1.4,1.6,32.7,1.39,"3,845,630,030,824",104,70.2,3.1,80.9,7,9.99,German,"83,132,799",60.8,11.5,48.8,3,51.16569,10.45153,1.04,0.7,0.03
Ghana,Africa,137,GH,69,"238,533",29.4,Accra,"16,670",268.36,7.2,3.9,41.2,0.92,"66,983,634,224",104.8,15.7,34.9,63.8,308,0.27,English,"30,792,608",67.8,12.6,55.4,4.3,7.946527,-1.02319,1.05,0.16,0.04
Greece,Europe,81,GR,47.6,"131,957",8.1,Athens,"62,434",101.87,0.2,1.4,31.7,1.54,"209,852,761,469",99.6,136.6,3.6,81.3,3,4.46,Greek,"10,716,322",51.8,26.2,51.9,17.2,39.07421,21.82431,1,1.37,0.17
Grenada,Central America and the Caribbean,331,GD,23.5,349,16.5,"St. George's, Grenada",268,107.43,0.8,2.1,50,1.12,"1,228,170,370",106.9,104.6,13.7,72.4,25,,English,"112,003",,19.4,47.8,,12.1165,-61.679,1.07,1.05,null
Guatemala,Central America and the Caribbean,167,GT,36,"108,889",24.6,Guatemala City,"16,777",142.92,3.7,2.9,32.7,0.79,"76,710,385,880",101.9,21.8,22.1,74.1,95,1.6,Spanish,"16,604,026",62.3,10.6,35.2,2.5,15.78347,-90.2308,1.02,0.22,0.02
Guinea,Africa,53,GN,59,"245,857",36.4,Conakry,"2,996",262.95,9.5,4.7,25.8,0.9,"13,590,281,809",91.5,11.6,64.9,61.2,576,,French,"12,771,246",61.5,10.8,69.3,4.3,9.945587,-9.69665,0.92,0.12,0.04
Guinea-Bissau,Africa,70,GW,58,"36,125",35.1,Bissau,293,111.65,1.4,4.5,69.8,,"1,340,389,411",118.7,2.6,54,58,667,0.16,Portuguese,"1,920,922",72,10.3,45.5,2.5,11.80375,-15.1804,1.19,0.03,0.02
Guyana,South America,4,GY,8.6,"214,969",20,"Georgetown, Guyana","2,384",116.19,2.1,2.5,83.9,0.9,"4,280,443,645",97.8,11.6,25.1,69.8,169,0.98,English,"782,766",56.2,,30.6,11.9,4.860416,-58.9302,0.98,0.12,0.12
Haiti,Central America and the Caribbean,414,HT,66.8,"27,750",24.4,Port-au-Prince,"2,978",179.29,12.5,2.9,3.5,0.81,"8,498,981,821",113.6,1.1,49.5,63.7,480,0.25,French,"11,263,077",67.2,,42.7,13.8,18.97119,-72.2852,1.14,0.01,0.14
Vatican City,Europe,"2,003",,,0,,Vatican City,,,,,,,,,,,,,,Italian,836,,,,,41.90292,12.45339,null,null,null
Honduras,Central America and the Caribbean,89,HN,28.9,"112,090",21.6,Tegucigalpa,"9,813",150.34,4.4,2.5,40,0.98,"25,095,395,475",91.5,26.2,15.1,75.1,65,1.01,Spanish,"9,746,117",68.8,17.3,39.1,5.4,15.2,-86.2419,0.92,0.26,0.05
Hungary,Europe,107,HU,58.4,"93,028",9.6,Budapest,"45,537",121.64,3.3,1.5,22.9,1.18,"160,967,157,504",100.8,48.5,3.6,75.8,12,2.62,Hungarian,"9,769,949",56.5,23,37.9,3.4,47.16249,19.5033,1.01,0.49,0.03
Iceland,Europe,3,IS,18.7,"103,000",12,Reykjavik,"2,065",129,3,1.7,0.5,1.69,"24,188,035,739",100.4,71.8,1.5,82.7,4,,Icelandic,"361,313",75,23.3,31.9,2.8,64.96305,-19.0208,1,0.72,0.03
India,South Asia,464,IN,60.4,"3,287,263",17.9,New Delhi,"2,407,672",180.44,7.7,2.2,23.8,0.97,"2,611,000,000,000",113,28.1,29.9,69.4,145,0.3,Hindi,"1,366,417,754",49.3,11.2,49.7,5.4,20.59368,78.96288,1.13,0.28,0.05
Indonesia,Southeast Asia,151,ID,31.5,"1,904,569",18.1,Jakarta,"563,325",151.18,3,2.3,49.9,0.63,"1,119,190,780,753",106.4,36.3,21.1,71.5,177,0.48,Indonesian,"270,203,917",67.5,10.2,30.1,4.7,-0.78928,113.9213,1.06,0.36,0.05
Iran,Middle East,52,IR,28.2,"1,648,195",18.8,Tehran,"661,710",550.93,39.9,2.1,6.6,0.4,"445,345,282,123",110.7,68.1,12.4,76.5,16,1.58,Persian,"82,913,906",44.7,7.4,44.7,11.4,32.42791,53.68805,1.11,0.68,0.11
Iraq,Middle East,93,IQ,21.4,"438,317",29.1,Baghdad,"190,061",119.86,0.4,3.7,1.9,0.61,"234,094,042,939",108.7,16.2,22.5,70.5,79,1.24,Arabic,"39,309,783",43,2,30.8,12.8,33.22319,43.67929,1.09,0.16,0.13
Republic of Ireland,Europe,72,,64.5,"70,273",12.5,Dublin,"37,711",106.58,0.9,1.8,11,1.37,"388,698,711,348",100.9,77.8,3.1,82.3,5,10.79,Irish,"5,007,069",62.1,18.3,26.1,4.9,53.41291,-8.24389,1.01,0.78,0.05
Israel,Middle East,400,IL,24.6,"20,770",20.8,Jerusalem,"65,166",108.15,0.8,3.1,7.7,1.57,"395,098,666,122",104.9,63.4,3,82.8,3,7.58,Hebrew,"9,053,300",64,23.1,25.3,3.9,31.04605,34.85161,1.05,0.63,0.04
Italy,Europe,206,IT,43.2,"301,340",7.3,Rome,"320,411",110.62,0.6,1.3,31.8,1.61,"2,001,244,392,042",101.9,61.9,2.6,82.9,2,,Italian,"60,297,396",49.6,24.3,59.1,9.9,41.87194,12.56738,1.02,0.62,0.1
Jamaica,Central America and the Caribbean,273,JM,41,"10,991",16.1,"Kingston, Jamaica","8,225",162.47,3.9,2,30.9,1.11,"16,458,071,068",91,27.1,12.4,74.4,80,1.33,Jamaican English,"2,948,279",66,26.8,35.1,8,18.10958,-77.2975,0.91,0.27,0.08
Japan,East Asia,347,JP,12.3,"377,944",7.4,Tokyo,"1,135,886",105.48,0.5,1.4,68.5,1.06,"5,081,769,542,380",98.8,63.2,1.8,84.2,5,6.77,None,"126,226,568",61.7,11.9,46.7,2.3,36.20482,138.2529,0.99,0.63,0.02
Jordan,Middle East,115,JO,12,"89,342",22,Amman,"25,108",125.6,0.8,2.8,1.1,1.1,"43,743,661,972",81.5,34.4,13.9,74.4,46,1.49,Arabic,"10,101,694",39.3,15.1,28.6,14.7,30.58516,36.23841,0.82,0.34,0.15
Kazakhstan,Central Asia,7,KZ,80.4,"2,724,900",21.8,Astana,"247,207",182.75,5.2,2.8,1.2,0.42,"180,161,741,180",104.4,61.7,8.8,73.2,10,0.41,Russian,"18,513,930",68.8,11.7,28.4,4.6,48.01957,66.92368,1.04,0.62,0.05
Kenya,Africa,94,KE,48.5,"580,367",28.8,Nairobi,"17,910",180.51,4.7,3.5,7.8,0.95,"95,503,088,538",103.2,11.5,30.6,66.3,342,0.25,Swahili,"52,573,973",74.7,15.1,37.2,2.6,-0.02356,37.90619,1.03,0.12,0.03
Kiribati,Oceania,147,KI,42,811,27.9,South Tarawa,66,99.55,0.6,3.6,15,,"194,647,202",101.3,,41.2,68.1,92,,English,"117,606",,22,32.7,,1.836898,-157.377,1.01,,null
Kuwait,Middle East,240,KW,8.4,"17,818",13.9,Kuwait City,"98,734",126.6,1.1,2.1,0.4,0.35,"134,761,198,946",92.4,54.4,6.7,75.4,12,0.95,Modern Standard Arabic,"4,207,083",73.5,1.4,13,2.2,29.31166,47.48177,0.92,0.54,0.02
Kyrgyzstan,Central Asia,34,KG,55,"199,951",27.1,Bishkek,"9,787",155.68,1.1,3.3,3.3,0.56,"8,454,619,608",107.6,41.3,16.9,71.4,60,0.09,Russian,"6,456,900",59.8,18,29,6.3,41.20438,74.7661,1.08,0.41,0.06
Laos,Southeast Asia,32,LA,10.3,"236,800",23.6,Vientiane,"17,763",135.87,3.3,2.7,82.1,0.93,"18,173,839,128",102.4,15,37.6,67.6,185,0.83,Lao,"7,169,455",78.5,12.9,24.1,0.6,19.85627,102.4955,1.02,0.15,0.01
Latvia,Europe,30,LV,31.1,"64,589",10,Riga,"7,004",116.86,2.8,1.6,54,1.16,"34,117,202,555",99.4,88.1,3.3,74.7,19,2.8,Latvian,"1,912,789",61.4,22.9,38.1,6.5,56.87964,24.60319,0.99,0.88,0.07
Lebanon,Middle East,667,LB,64.3,"10,400",17.6,Beirut,"24,796",130.02,3,2.1,13.4,0.74,"53,367,042,272",95.1,26.3,6.4,78.9,29,2.15,Arabic,"6,855,713",47,15.3,32.2,6.2,33.85472,35.86229,0.95,0.26,0.06
Lesotho,Africa,71,LS,77.6,"30,355",26.8,Maseru,"2,512",155.86,5.2,3.1,1.6,0.7,"2,460,072,444",120.9,10.2,65.7,53.7,544,0.41,English,"2,125,268",67.9,31.6,13.6,23.4,-29.61,28.23361,1.21,0.1,0.23
Liberia,Africa,53,LR,28,"111,369",33,Monrovia,"1,386",223.13,23.6,4.3,43.1,0.8,"3,070,518,100",85.1,11.9,53.5,63.7,661,0.17,English,"4,937,374",76.3,12.9,46.2,2.8,6.428055,-9.4295,0.85,0.12,0.03
Libya,Africa,4,LY,8.7,"1,759,540",18.8,Tripoli,"50,564",125.71,2.6,2.2,0.1,0.11,"52,076,250,948",109,60.5,10.2,72.7,72,1.88,Arabic,"6,777,452",49.7,,32.6,18.6,26.3351,17.22833,1.09,0.61,0.19
Liechtenstein,Europe,238,LI,32.2,160,9.9,Vaduz,51,,,1.4,43.1,1.74,"6,552,858,739",104.7,35.6,,83,,,German,"38,019",,,21.6,,47.14104,9.520935,1.05,0.36,null
Lithuania,Europe,43,LT,47.2,"65,300",10,Vilnius,"12,963",118.38,2.3,1.6,34.8,1.16,"54,219,315,600",103.9,72.4,3.3,75.7,8,2.41,Lithuanian,"2,786,844",61.6,16.9,42.6,6.4,55.16944,23.88128,1.04,0.72,0.06
Luxembourg,Europe,242,LU,53.7,"2,586",10.3,Luxembourg City,"8,988",115.09,1.7,1.4,35.7,1.19,"71,104,919,108",102.3,19.2,1.9,82.1,5,13.05,Luxembourgish,"645,397",59.3,26.5,20.4,5.4,49.81527,6.129583,1.02,0.19,0.05
Madagascar,Africa,48,MG,71.2,"587,041",32.7,Antananarivo,"3,905",184.33,5.6,4.1,21.4,1.11,"14,083,906,357",142.5,5.4,38.2,66.7,335,0.21,French,"26,969,307",86.1,10.2,38.3,1.8,-18.7669,46.86911,1.43,0.05,0.02
Malawi,Africa,203,MW,61.4,"118,484",34.1,Lilongwe,"1,298",418.34,9.4,4.2,33.2,1.15,"7,666,704,427",142.5,0.8,35.3,63.8,349,0.12,English,"18,628,747",76.7,17.3,34.5,5.7,-13.2543,34.30153,1.43,0.01,0.06
Malaysia,Southeast Asia,99,MY,26.3,"329,847",16.8,Kuala Lumpur,"248,289",121.46,0.7,2,67.6,0.45,"364,701,517,788",105.3,45.1,6.7,76,29,0.93,Malaysian language,"32,447,385",64.3,12,38.7,3.3,4.210484,101.9758,1.05,0.45,0.03
Maldives,South Asia,"1,802",MV,26.3,298,14.2,Male,"1,445",99.7,0.2,1.9,3.3,1.63,"5,729,248,472",97.1,31.2,7.4,78.6,53,,Divehi,"530,953",69.8,19.5,30.2,6.1,3.202778,73.22068,0.97,0.31,0.06
Mali,Africa,17,ML,33.8,"1,240,192",41.5,Bamako,"3,179",108.73,-1.7,5.9,3.8,1.12,"17,510,141,171",75.6,4.5,62,58.9,562,0.23,French,"19,658,031",70.8,11.6,54.5,7.2,17.57069,-3.99617,0.76,0.05,0.07
Malta,Europe,"1,380",MT,32.4,316,9.2,Valletta,"1,342",113.45,1.6,1.2,1.1,1.36,"14,786,156,563",105,54.3,6.1,82.3,6,5.07,Maltese,"502,653",56.5,26.2,44,3.5,35.9375,14.37542,1.05,0.54,0.03
Marshall Islands,Oceania,329,MH,63.9,181,29,Majuro,143,,,4.1,70.2,1.44,"221,278,000",84.7,23.7,27.4,65.2,,2,Marshallese,"58,791",,17.8,65.9,,7.131474,171.1845,0.85,0.24,null
Mauritania,Africa,5,MR,38.5,"1,030,700",33.7,Nouakchott,"2,739",135.02,2.3,4.6,0.2,1.13,"7,593,752,450",99.9,5,51.5,64.7,766,0.53,Arabic,"4,525,696",45.9,,67,9.6,21.00789,-10.9408,1,0.05,0.1
Mauritius,Africa,626,MU,42.4,"2,040",10.2,Port Louis,"4,349",129.91,0.4,1.4,19,1.12,"14,180,444,557",101.1,40.6,13.6,74.4,61,0.38,French,"1,265,711",58.3,19.1,22.2,6.7,-20.3484,57.55215,1.01,0.41,0.07
Mexico,North America,66,MX,54.6,"1,964,375",17.6,Mexico City,"486,406",141.54,3.6,2.1,33.9,0.73,"1,258,286,717,125",105.8,40.2,11,75,33,0.49,None,"126,014,024",60.7,13.1,55.1,3.4,23.6345,-102.553,1.06,0.4,0.03
Federated States of Micronesia,Oceania,784,FM,31.4,702,22.8,Palikir,143,112.1,0.5,3.1,91.9,,"401,932,279",97.2,14.1,25.6,67.8,88,,English,"113,815",,25.2,60.5,,7.425554,150.5508,0.97,0.14,null
Moldova,Europe,123,MD,74.2,"33,851",10.1,Chisinau,"5,115",166.2,4.8,1.3,12.6,0.8,"11,955,435,457",90.6,39.8,13.6,71.8,19,0.31,Romanian,"2,657,637",43.1,17.7,38.7,5.5,47.41163,28.36989,0.91,0.4,0.05
Monaco,Europe,"26,337",MC,,2,5.9,Monaco City,,,,,,2,"7,184,844,193",,,2.6,,,11.72,French,"38,964",,,,,43.73842,7.424616,null,null,null
Mongolia,East Asia,2,MN,71.5,"1,564,116",24.1,Ulaanbaatar,"25,368",195.76,7.3,2.9,8,0.72,"13,852,850,259",104,65.6,14,69.7,45,0.65,Mongolian,"3,225,167",59.7,16.8,25.7,6,46.8625,103.8467,1.04,0.66,0.06
Montenegro,Europe,47,ME,19,"13,812",11.7,Podgorica,"2,017",116.32,2.6,1.8,61.5,1.16,"5,494,736,901",100,56.1,2.3,76.8,6,1.23,Montenegrin language,"622,137",54.4,,22.2,14.9,42.70868,19.37439,1,0.56,0.15
Morocco,Africa,83,MA,68.5,"446,550",18.9,Rabat,"61,276",111.07,0.2,2.4,12.6,0.99,"118,725,279,596",113.9,35.9,19.2,76.5,70,1.6,Arabic,"36,910,560",45.3,21.9,45.8,9,31.7917,-7.09262,1.14,0.36,0.09
Mozambique,Africa,40,MZ,63.5,"799,380",37.5,Maputo,"7,943",182.31,2.8,4.9,48,0.65,"14,934,159,926",112.6,7.3,54,60.2,289,0.27,Portuguese,"30,366,036",78.1,0,36.1,3.2,-18.6657,35.52956,1.13,0.07,0.03
Myanmar,Southeast Asia,83,MM,19.5,"676,578",17.6,Naypyidaw,"25,280",168.18,8.8,2.2,43.6,0.54,"76,085,852,617",112.3,18.8,36.8,66.9,250,0.39,Burmese,"54,045,420",61.7,5.4,31.2,1.6,21.91622,95.95597,1.12,0.19,0.02
Namibia,Africa,3,,47.1,"824,292",28.6,Windhoek,"4,228",157.97,3.7,3.4,8.3,0.76,"12,366,527,719",124.2,22.9,29,63.4,195,,English,"2,494,530",59.5,27.1,20.7,20.3,-22.9576,18.49041,1.24,0.23,0.2
Nauru,Oceania,541,NR,,21,,Yaren District,,,,,,,"133,000,000",,,,,,,English,"10,084",,,,,-0.52278,166.9315,,,null
Nepal,South Asia,203,NP,28.7,"147,181",19.9,Kathmandu,"9,105",188.73,5.6,1.9,25.4,0.91,"30,641,380,604",142.1,12.4,26.7,70.5,186,0.36,Nepali,"28,608,710",83.8,20.7,41.8,1.4,28.39486,84.12401,1.42,0.12,0.01
Netherlands,Europe,508,NL,53.3,"41,543",9.7,Amsterdam,"170,780",115.91,2.6,1.6,11.2,1.68,"909,070,395,161",104.2,85,3.3,81.8,5,10.29,Dutch,"17,332,850",63.6,23,41.2,3.2,52.13263,5.291266,1.04,0.85,0.03
New Zealand,Oceania,18,NZ,40.5,"268,838",12,Wellington,"34,382",114.24,1.6,1.7,38.6,1.4,"206,928,765,544",100,82,4.7,81.9,9,11.49,English,"4,841,000",69.9,29,34.6,4.1,-40.9006,174.886,1,0.82,0.04
Nicaragua,Central America and the Caribbean,55,NI,42.1,"130,370",20.6,Managua,"5,592",162.74,5.4,2.4,25.9,0.91,"12,520,915,291",120.6,17.4,15.7,74.3,98,0.54,Spanish,"6,545,502",66.4,15.6,60.6,6.8,12.86542,-85.2072,1.21,0.17,0.07
Niger,Africa,19,NE,36.1,"1,267,000",46.1,Niamey,"2,017",109.32,-2.5,6.9,0.9,0.88,"12,928,145,120",74.7,4.4,48,62,509,0.29,French,"23,310,715",72,11.8,47.2,0.5,17.60779,8.081666,0.75,0.04,0
Nigeria,Africa,226,NG,77.7,"923,768",37.9,Abuja,"120,369",267.51,11.4,5.4,7.2,0.46,"448,120,428,859",84.7,10.2,75.7,54.3,917,0.54,English,"200,963,599",52.9,1.5,34.8,8.1,9.081999,8.675277,0.85,0.1,0.08
North Korea,East Asia,214,KP,21.8,"120,538",13.9,Pyongyang,"28,284",,,1.9,40.7,0.58,"32,100,000,000",112.8,27,13.7,72.1,89,,Korean,"25,666,161",80.4,,,2.7,40.33985,127.5101,1.13,0.27,0.03
North Macedonia,Europe,83,,,"25,713",,Skopje,,,,,,,"10,220,781,069",,,,,,,Macedonian,"1,836,713",,,,,41.60864,21.74528,null,null,null
Norway,Europe,15,NO,2.7,"323,802",10.4,Oslo,"41,023",120.27,2.2,1.6,33.2,1.78,"403,336,363,636",100.3,82,2.1,82.8,2,,Norwegian,"5,347,896",63.8,23.9,36.2,3.4,60.47202,8.468946,1,0.82,0.03
Oman,Middle East,16,OM,4.6,"309,500",19.2,Muscat,"63,457",113.53,0.1,2.9,0,0.45,"76,983,094,928",103.4,38,9.8,77.6,19,4.33,Arabic,"5,266,535",72.4,2.5,27.4,2.7,21.47353,55.97541,1.03,0.38,0.03
Pakistan,South Asia,287,PK,47.8,"796,095",28.3,Islamabad,"201,150",182.32,10.6,3.5,1.9,0.79,"304,400,000,000",94.3,9,57.2,67.1,140,0.69,Urdu,"216,565,318",52.6,9.2,33.9,4.5,30.37532,69.34512,0.94,0.09,0.04
Palau,Oceania,39,PW,10.9,459,14,Ngerulmud,224,118.17,1.3,2.2,87.6,,"283,994,900",112.6,54.7,16.6,69.1,,3,English,"18,233",,21.3,76.6,,7.51498,134.5825,1.13,0.55,null
Palestinian National Authority,Middle East,847,,,,,,,,,,,,,,,,,,,Arabic,,,,,,31.95216,35.23315,null,null,null
Panama,Central America and the Caribbean,58,PA,30.4,"75,420",19,Panama City,"10,715",122.07,-0.4,2.5,61.9,0.74,"66,800,800,000",94.4,47.8,13.1,78.3,52,1.53,Spanish,"4,246,439",66.6,,37.2,3.9,8.537981,-80.7821,0.94,0.48,0.04
Papua New Guinea,Oceania,20,PG,2.6,"462,840",27.1,Port Moresby,"7,536",155.99,3.6,3.6,74.1,1.36,"24,969,611,435",108.5,1.8,38,64.3,145,1.16,Tok Pisin,"8,776,109",47.2,13.6,37.1,2.5,-6.31499,143.9556,1.09,0.02,0.02
Paraguay,South America,18,PY,55.1,"406,752",20.6,Asuncion,"7,407",143.82,2.8,2.4,37.7,1.04,"38,145,288,940",104.4,34.6,17.2,74.1,129,1.55,Spanish,"7,044,636",72.1,10,35,4.8,-23.4425,-58.4438,1.04,0.35,0.05
Peru,South America,26,PE,18.5,"1,285,216",18,Lima,"57,414",129.78,2.1,2.3,57.7,0.99,"226,848,050,820",106.9,70.7,11.1,76.5,88,1.28,Spanish,"32,510,453",77.6,14.3,36.8,3.3,-9.18997,-75.0152,1.07,0.71,0.03
Philippines,Southeast Asia,368,PH,41.7,"300,000",20.6,Manila,"122,287",129.61,2.5,2.6,27.8,0.86,"376,795,508,680",107.5,35.5,22.5,71.1,121,1.12,English,"108,116,615",59.6,14,43.1,2.2,12.87972,121.774,1.08,0.36,0.02
Poland,Europe,124,PL,46.9,"312,685",10.2,Warsaw,"299,037",114.11,2.2,1.5,30.9,1.07,"592,164,400,688",100,67.8,3.8,77.6,2,2.93,Polish,"37,970,874",56.7,17.4,40.8,3.5,51.91944,19.14514,1,0.68,0.03
Portugal,Europe,111,PT,39.5,"92,212",8.5,Lisbon,"48,742",110.62,0.3,1.4,34.6,1.54,"237,686,075,635",106.2,63.9,3.1,81.3,8,3.78,Portuguese,"10,269,417",58.8,22.8,39.8,6.3,39.39987,-8.22445,1.06,0.64,0.06
Qatar,Middle East,248,QA,5.8,"11,586",9.5,Doha,"103,259",115.38,-0.7,1.9,0,0.4,"183,466,208,791",103.8,17.9,5.8,80.1,9,,Arabic,"2,832,067",86.8,14.7,11.3,0.1,25.35483,51.18388,1.04,0.18,0
Romania,Europe,84,RO,58.8,"238,391",9.6,Bucharest,"69,259",123.78,3.8,1.7,30.1,1.16,"250,077,444,017",85.2,49.4,6.1,75.4,19,2.25,Romanian,"19,356,544",54.7,14.6,20,4,45.94316,24.96676,0.85,0.49,0.04
Russia,Europe,9,RU,13.3,"17,098,240",11.5,Moscow,"1,732,027",180.75,4.5,1.6,49.8,0.59,"1,699,876,578,871",102.6,81.9,6.1,72.7,17,0.53,Russian,"144,373,535",61.8,11.4,46.2,4.6,61.52401,105.3188,1.03,0.82,0.05
Rwanda,Africa,525,RW,73.4,"26,338",31.7,Kigali,"1,115",151.09,3.4,4,19.7,1.17,"10,122,472,590",133,6.7,27,68.7,248,,Swahili,"12,626,950",83.7,14.3,33.2,1,-1.94028,29.87389,1.33,0.07,0.01
Saint Kitts and Nevis,Central America and the Caribbean,205,KN,23.1,261,12.6,Basseterre,238,104.57,-1,2.1,42.3,,"1,050,992,593",108.7,86.7,9.8,71.3,,3.33,English,"52,823",,18.5,49.7,,17.35782,-62.783,1.09,0.87,null
Saint Lucia,Central America and the Caribbean,301,LC,17.4,616,12,Castries,414,110.13,1.9,1.4,33.2,1.3,"2,122,450,630",102.6,14.1,14.9,76.1,117,,English,"182,790",67.1,18.2,34.7,20.7,13.90944,-60.9789,1.03,0.14,0.21
Saint Vincent and the Grenadines,Central America and the Caribbean,284,VC,25.6,389,14.2,Kingstown,220,109.67,2.3,1.9,69.2,,"825,385,185",113.4,23.7,14.8,72.4,68,1.16,English,"100,455",65.9,25.4,37,18.9,12.98431,-61.2872,1.13,0.24,0.19
Samoa,Oceania,70,WS,12.4,"2,831",24.4,Apia,246,117.56,1,3.9,60.4,0.91,"850,655,017",110.5,7.6,13.6,73.2,43,0.78,Samoan,"202,506",43.7,25.5,19.3,8.4,-13.759,-172.105,1.11,0.08,0.08
San Marino,Europe,566,SM,16.7,61,6.8,City of San Marino,,110.63,1,1.3,0,,"1,637,931,034",108.1,42.5,1.7,85.4,,,Italian,"33,860",,18.1,36.2,,43.94236,12.45778,1.08,0.43,null
Saudi Arabia,Middle East,16,SA,80.8,"2,149,690",17.8,Riyadh,"563,449",118.4,-1.2,2.3,0.5,0.24,"792,966,838,162",99.8,68,6,75,17,3.85,Arabic,"34,268,528",55.9,8.9,15.7,5.9,23.88594,45.07916,1.07,0.13,0.13
Senegal,Africa,87,SN,46.1,"196,722",34.5,Dakar,"10,902",109.25,1.8,4.6,42.8,1.14,"23,578,084,052",81,12.8,31.8,67.7,315,0.31,French,"16,296,364",45.7,16.3,44.8,6.6,14.4974,-14.4524,1,0.68,0.06
Serbia,Europe,100,RS,39.3,"77,474",9.2,Belgrade,"45,221",144,1.8,1.5,31.1,1.16,"51,409,167,351",100.3,67.2,4.8,75.5,12,1.57,Serbian,"6,944,975",54.9,18.6,36.6,12.7,44.01652,21.00586,0.81,0.13,0.07
Seychelles,Africa,214,SC,3.4,455,17.1,"Victoria, Seychelles",605,129.96,1.8,2.4,88.4,,"1,698,843,063",100.4,17.1,12.4,72.8,53,2,French,"97,625",,34.1,30.1,,-4.67957,55.49198,1,0.67,0.13
Sierra Leone,Africa,111,SL,54.7,"71,740",33.4,Freetown,"1,093",234.16,14.8,4.3,43.1,1.08,"3,941,474,311",112.8,2,78.5,54.3,1120,0.57,English,"7,813,215",57.9,8.6,30.7,4.4,8.460555,-11.7799,1,0.17,null
Singapore,Southeast Asia,"8,358",SG,0.9,716,8.8,,"37,535",114.41,0.6,1.1,23.1,1.25,"372,062,527,489",100.6,84.8,2.3,83.1,8,,Malay,"5,703,569",70.5,13.1,21,4.1,1.352083,103.8198,1.13,0.02,0.04
Slovakia,Europe,114,SK,39.2,"49,035",10.6,Bratislava,"32,424",115.34,2.7,1.5,40.4,1.32,"105,422,304,976",98.7,46.6,4.6,77.2,5,3.11,Slovak,"5,454,073",59.5,18.7,49.7,5.6,48.66903,19.69902,1.01,0.85,0.04
Slovenia,Europe,103,SI,30.7,"20,273",9.4,Ljubljana,"12,633",111.05,1.6,1.6,62,1.32,"53,742,159,517",100.4,78.6,1.7,81,7,5.25,Slovene language,"2,087,946",58.4,18.6,31,4.2,46.15124,14.99546,0.99,0.47,0.06
Solomon Islands,Oceania,25,SB,3.9,"28,896",32.4,Honiara,169,133.06,1.6,4.4,77.9,,"1,425,074,226",106.2,,17.1,72.8,104,0.4,English,"669,823",83.8,29.5,32,0.6,-9.64571,160.1562,1,0.79,0.04
Somalia,Africa,25,SO,70.3,"637,657",41.8,Mogadishu,645,,,6.1,10,1.41,"4,720,727,278",23.4,2.5,76.6,57.1,829,,Arabic,"15,442,905",47.4,0,,11.4,5.152149,46.19962,1.06,null,0.01
South Africa,Africa,49,ZA,79.8,"1,219,090",20.5,Pretoria,"476,644",158.93,4.1,2.4,7.6,0.92,"351,431,649,241",100.9,22.4,28.5,63.9,119,,Afrikaans,"58,558,270",56,27.5,29.2,28.2,-30.5595,22.93751,0.23,0.03,0.11
South Korea,East Asia,527,KR,17.4,"99,720",6.4,Seoul,"620,302",115.16,0.4,1,63.4,1.22,"2,029,000,000,000",98.1,94.3,2.7,82.6,11,6.49,Korean,"51,709,098",63,15.6,33.2,4.2,35.90776,127.7669,1.01,0.22,0.28
S. Sudan,Africa,18,SS,,"644,329",35,Juba,"1,727","4,583.71",187.9,4.7,,0.28,"11,997,800,751",73,,63.7,57.6,1150,,English,"11,062,113",72.4,,31.4,12.2,6.876992,31.30698,0.98,0.94,0.04
Spain,Europe,94,ES,52.6,"505,370",7.9,Madrid,"244,002",110.96,0.7,1.3,36.9,1.26,"1,394,116,310,769",102.7,88.9,2.5,83.3,4,5.6,Spanish,"47,076,781",57.5,14.2,47,14,40.46367,-3.74922,0.73,null,0.12
Sri Lanka,South Asia,341,LK,43.7,"65,610",15.8,Colombo,"23,362",155.53,3.5,2.2,32.9,0.88,"84,008,783,756",100.2,19.6,6.4,76.8,36,0.35,Tamil,"21,803,000",53.9,11.9,55.2,4.2,7.873054,80.7718,1.03,0.89,0.14
Sudan,Africa,25,SD,28.7,"1,861,484",32.2,Khartoum,"20,000","1,344.19",51,4.4,8.1,0.95,"18,902,284,476",76.8,16.9,42.1,65.1,295,0.41,Arabic,"42,813,238",48.4,8,45.4,16.5,12.86281,30.21764,1,0.2,0.04
Suriname,South America,4,SR,0.6,"163,820",18.5,Paramaribo,"1,738",294.66,22,2.4,98.3,1.29,"3,985,250,737",108.8,12.6,16.9,71.6,120,,Dutch,"581,372",51.1,19.5,27.9,7.3,3.919305,-56.0278,0.77,0.17,0.17
Sweden,Europe,25,SE,7.4,"450,295",11.4,Stockholm,"43,252",110.51,1.8,1.8,68.9,1.42,"530,832,908,738",126.6,67,2.2,82.5,4,,Swedish,"10,285,453",64.6,27.9,49.1,6.5,60.12816,18.6435,1.09,0.13,0.07
Switzerland,Europe,219,CH,38.4,"41,277",10,Bern,"34,477",99.55,0.4,1.5,31.8,1.45,"703,082,435,360",105.2,59.6,3.7,83.6,5,,German,"8,574,832",68.3,10.1,28.8,4.6,46.81819,8.227512,1.27,0.67,0.06
Syria,Middle East,95,SY,75.8,"185,180",23.7,Damascus,"28,830",143.2,36.7,2.8,2.7,0.83,"40,405,006,007",81.7,40.1,14,71.8,31,1.02,Arabic,"17,070,135",44.1,14.2,42.7,8.4,34.80208,38.99682,1.05,0.6,0.05
Tajikistan,Central Asia,68,TJ,34.1,"144,100",30.8,Dushanbe,"5,310",148.57,6,3.6,3,0.71,"8,116,626,794",100.9,31.3,30.4,70.9,17,0.23,Persian,"9,321,018",42,9.8,67.3,11,38.86103,71.27609,0.82,0.4,0.08
Tanzania,Africa,67,TZ,44.8,"947,300",36.7,Dodoma,"11,973",187.43,3.5,4.9,51.6,0.87,"63,177,068,175",94.2,4,37.6,65,524,0.09,Swahili,"58,005,463",83.4,11.5,43.8,2,-6.36903,34.88882,1.01,0.31,0.11
Thailand,Southeast Asia,137,TH,43.3,"513,120",10.3,Bangkok,"283,763",113.27,0.7,1.5,32.2,0.71,"543,649,976,166",99.8,49.3,7.8,76.9,37,1.06,Thai,"69,625,582",67.3,14.9,29.5,0.8,15.87003,100.9925,0.94,0.04,0.02
East Timor,Southeast Asia,89,TL,25.6,"14,874",29.4,Dili,495,145.38,2.6,4,45.4,1.1,"1,673,540,300",115.3,17.8,39.3,69.3,142,0.6,Portuguese,"3,500,000",67.3,25,17.3,4.6,-8.87422,125.7275,1,0.49,0.01
Togo,Africa,152,TG,70.2,"56,785",33.1,Lome,"3,000",113.3,0.7,4.3,3.1,0.71,"5,459,979,417",123.8,14.5,47.4,60.8,396,0.34,French,"8,082,366",77.6,16.9,48.2,2,8.619543,0.824782,1.15,0.18,0.05
Tonga,Oceania,147,TO,45.8,747,24.3,Nukualofa,128,121.09,7.4,3.6,12.5,,"450,353,314",116.3,6.4,13.4,70.8,52,,Tongan Language,"100,209",59.8,22.3,27.5,1.1,-21.179,-175.198,1.24,0.15,0.02
Trinidad and Tobago,Central America and the Caribbean,273,TT,10.5,"5,128",12.9,Port of Spain,"43,868",141.75,1,1.7,46,0.54,"24,100,202,834",106.2,12,16.4,73.4,67,2.25,English,"1,394,973",60,19.5,40.5,2.7,10.6918,-61.2225,1.16,0.06,0.01
Tunisia,Africa,76,TN,64.8,"163,610",17.6,Tunis,"29,937",155.33,6.7,2.2,6.8,0.73,"38,797,709,924",115.4,31.7,14.6,76.5,43,0.47,Arabic,"11,694,719",46.1,21.1,60.7,16,33.88692,9.537499,1.06,0.12,0.03
Turkey,Middle East,110,TR,49.8,"783,562",16,Ankara,"372,725",234.44,15.2,2.1,15.4,1.42,"754,411,708,203",93.2,23.9,9.1,77.4,17,3.45,Turkish,"83,429,615",52.8,17.9,42.3,13.5,38.96375,35.24332,1.15,0.32,0.16
Turkmenistan,Central Asia,13,TM,72,"488,100",23.8,Ashgabat,"70,630",,,2.8,8.8,0.29,"40,761,142,857",88.4,8,39.3,68.1,7,0.88,Turkmen,"5,942,089",64.5,,,3.9,38.96972,59.55628,0.93,0.24,0.13
Tuvalu,Oceania,393,TV,60,26,,Funafuti,11,,,,33.3,,"47,271,463",86,,20.6,,,,Tuvaluan Language,"11,646",,,,,-7.10954,177.6493,0.88,0.08,0.04
Uganda,Africa,229,UG,71.9,"241,038",38.1,Kampala,"5,680",173.87,2.9,5,9.7,0.94,"34,387,229,486",102.7,4.8,33.8,63,375,0.01,Swahili,"44,269,594",70.3,11.7,33.7,1.8,1.373333,32.29028,0.86,null,null
Ukraine,Europe,75,UA,71.7,"603,550",8.7,Kyiv,"202,250",281.66,7.9,1.3,16.7,0.83,"153,781,069,118",99,82.7,7.5,71.6,19,0.84,Ukrainian,"44,385,155",54.2,20.1,45.2,8.9,48.37943,31.16558,1.03,0.05,0.02
United Arab Emirates,Middle East,118,AE,5.5,"83,600",10.3,Abu Dhabi,"206,324",114.52,-1.9,1.4,4.6,0.49,"421,142,267,938",108.4,36.8,6.5,77.8,3,,Arabic,"9,770,529",82.1,0.1,15.9,2.4,23.42408,53.84782,0.99,0.83,0.09
United Kingdom,Europe,281,GB,71.7,"243,610",11,London,"379,025",119.62,1.7,1.7,13.1,1.46,"2,827,113,184,696",101.2,60,3.6,81.3,7,10.13,English,"66,834,405",62.8,25.5,30.6,3.9,55.37805,-3.43597,1.08,0.37,0.02
United States of America,North America,36,US,44.4,"9,833,517",11.6,"Washington, D.C.","5,006,302",117.24,7.5,1.7,33.9,0.71,"21,427,700,000,000",101.8,88.2,5.6,78.5,19,7.25,None,"328,239,523",62,9.6,36.6,14.7,37.09024,-95.7129,1.01,0.6,0.04
Uruguay,South America,20,UY,82.6,"176,215",13.9,Montevideo,"6,766",202.92,7.9,2,10.7,1.5,"56,045,912,952",108.5,63.1,6.4,77.8,17,1.66,Spanish,"3,461,734",64,20.1,41.8,8.7,-32.5228,-55.7658,1.02,0.88,0.15
Uzbekistan,Central Asia,79,UZ,62.9,"447,400",23.3,Tashkent,"91,811",,,2.4,7.5,1.03,"57,921,286,440",104.2,10.1,19.1,71.6,29,0.24,Uzbek,"33,580,650",65.1,14.8,31.6,5.9,41.37749,64.58526,1.09,0.63,0.09
Vanuatu,Oceania,25,VU,15.3,"12,189",29.6,Port Vila,147,117.13,2.8,3.8,36.1,1.31,"917,058,851",109.3,4.7,22.3,70.3,72,1.56,French,"299,882",69.9,17.8,8.5,4.4,-15.3767,166.9592,1.04,0.1,0.06
Venezuela,South America,32,VE,24.5,"912,050",17.9,Caracas,"164,175","2,740.27",254.9,2.3,52.7,0,"482,359,318,768",97.2,79.3,21.4,72.1,125,0.01,Spanish,"28,515,829",59.7,,73.3,8.8,6.42375,-66.5897,1.09,0.05,0.04
Vietnam,Southeast Asia,314,VN,39.3,"331,210",16.8,Hanoi,"192,668",163.52,2.8,2.1,48.1,0.8,"261,921,244,843",110.6,28.5,16.5,75.3,43,0.73,Vietnamese,"96,462,106",77.4,19.1,37.6,2,14.05832,108.2772,0.97,0.79,0.09
Yemen,Middle East,56,YE,44.6,"527,968",30.5,Sanaa,"10,609",157.58,8.1,3.8,1,0.92,"26,914,402,224",93.6,10.2,42.9,66.1,164,,Arabic,"29,161,922",38,,26.6,12.9,15.55273,48.51639,1.11,0.29,0.02
Zambia,Africa,25,ZM,32.1,"752,618",36.2,Lusaka,"5,141",212.31,9.2,4.6,65.2,1.4,"23,064,722,446",98.7,4.1,40.4,63.5,213,0.24,English,"17,861,030",74.6,16.2,15.6,11.4,-13.1339,27.84933,0.94,0.1,0.13
Zimbabwe,Africa,38,ZW,41.9,"390,757",30.7,Harare,"10,983",105.51,0.9,3.6,35.5,1.34,"21,440,758,800",109.9,10,33.9,61.2,458,,Shona,"14,645,468",83.1,20.7,31.6,5,-19.0154,29.15486,0.99,0.04,0.11
,,,,,,,,,,,,,,,,,,,,,,,,,,,,,1.1,0.1,0.05
